<?xml  version="1.0" encoding="UTF-8"?>
<beans xmlns="http://www.springframework.org/schema/beans"
       xmlns:xsi="http://www.w3.org/2001/XMLSchema-instance"
       
       xmlns:context="http://www.springframework.org/schema/context"
       xmlns:tx="http://www.springframework.org/schema/tx"
       xmlns:mvc="http://www.springframework.org/schema/mvc"
       xsi:schemaLocation="http://www.springframework.org/schema/beans http://www.springframework.org/schema/beans/spring-beans.xsd
                           http://www.springframework.org/schema/context http://www.springframework.org/schema/context/spring-context.xsd
                           http://www.springframework.org/schema/tx http://www.springframework.org/schema/tx/spring-tx.xsd
                           http://www.springframework.org/schema/mvc http://www.springframework.org/schema/mvc/spring-mvc.xsd">

 
    <context:component-scan base-package="com.niit.shop.controller" />
    <context:component-scan base-package="com.niit.shop.dao" />
    <context:component-scan base-package="com.niit.shop.model" /> 
    <context:component-scan base-package="com.niit.shop.service" /> 
    
    
    
        <bean id="dataSource" class="org.apache.commons.dbcp2.BasicDataSource">
        	<property name="driverClassName" value="org.h2.Driver"/>
            <property name="url" value="jdbc:h2:tcp://localhost/~/niitdb"/>
            <property name="username" value="sa"/>
            <property name="password" value="sa"/>
        </bean>

<bean id="sessionFactory" class="org.springframework.orm.hibernate4.LocalSessionFactoryBean">
<property name="dataSource" ref="dataSource"/>
<property name="packagesToScan">
<list>
<value>com.niit.shop</value>
</list>
</property>
<property name="hibernateProperties">
<props>
<prop key="hibernate.dialect">org.hibernate.dialect.H2Dialect</prop>
<prop key="hibernate.hbm2ddl.auto">update</prop>
<prop key="hibernate.show_sql">true</prop>
</props>
</property>
</bean>    
    
    <tx:annotation-driven/>
    <bean id="transactionManager" class="org.springframework.orm.hibernate4.HibernateTransactionManager">
    <property name="sessionFactory" ref="sessionFactory"/>
    </bean>
   <bean class="org.springframework.web.multipart.commons.CommonsMultipartResolver" id="multipartResolver">
<property name="maxUploadSize" value="10000000000"/>
</bean>
 
</beans>